id,room_name,capacity,password
1,TampflexChat,105,xo22mg1sgwmvhqx
2,ZamitChat,9,fx25uzw72u
3,VagramChat,61,48z2v7v458
4,OverholdChat,165,9qw082y4cg8x
5,TinChat,81,b2yeq3lx12at
6,ZamitChat,114,1nrdfqyeuwxa8t
7,ToughjoyfaxChat,205,pz3d3fqfgl
8,TinChat,300,ge3hppy4e7wc
9,OverholdChat,179,ustuift6ufxs1b
10,GembucketChat,105,jye07sp1
11,FlexidyChat,262,o23k19a6sgx
12,DaltfreshChat,212,bti74vh93q
13,GembucketChat,125,jz33kcbkc
14,SpanChat,263,tyvgy2d0m
15,RonstringChat,105,f0rmncw0ek2c
16,LatluxChat,272,8ntfhvwvsa26upf
17,RonstringChat,265,dahtfcadcnp
18,SolarbreezeChat,91,1qfkagir9f7rk
19,CardguardChat,281,q1adqpqa5t
20,AndalaxChat,100,vs36r4kl8qu
21,ItChat,203,99297w1int
22,Quo LuxChat,173,9dded4m5p52h7ex
23,KeylexChat,181,zios0any29rgi
24,FlexidyChat,188,sef7wr3s
25,OpelaChat,261,d203thyqknpdi
26,Y-findChat,106,bqucv7dsajgjq
27,TempChat,163,9f1ppdau5m2p
28,VivaChat,78,r7046xf0do
29,KanlamChat,184,7h6kqw9w8x3
30,TresomChat,108,xmw9te61lg9
31,BytecardChat,136,ommlfrg0sdp97
32,BytecardChat,273,s3qfm2jc27yohr
33,LotluxChat,139,x6x70kz4ndcfxii
34,FlexidyChat,33,zd1utskckl7jpo
35,AsokaChat,96,bjgcsyks58odx
36,VagramChat,176,6uzrl96776pbc8
37,CardifyChat,191,bvs9yoepm
38,TreeflexChat,162,rjfwwgcq1f
39,OverholdChat,42,vntv7amc7gpytx
40,CardguardChat,161,zli4pgu7nyu6d6
41,ItChat,173,whwjo93244hd
42,RonstringChat,70,d735x96x1otd
43,ZamitChat,121,bb18n7qqay
44,KeylexChat,165,e103ly9sb71h
45,TreeflexChat,254,vpt9rsbpw5utw
46,JobChat,267,7wvogqni4zaqwgb
47,RonstringChat,286,nml4s3ziv6
48,VeribetChat,201,cx5qvfjht9e
49,Sub-ExChat,227,srfimljq233x5w
50,LotluxChat,22,n7cd8gtxdg
51,ZamitChat,138,1tl0astloc
52,Quo LuxChat,6,3gg0na24oj
53,StrongholdChat,132,o8dciankr
54,CookleyChat,274,j9dc235x
55,VoltsillamChat,37,m09f9u36
56,SonsingChat,224,i2cvpuxj
57,Quo LuxChat,64,2taq0k8rqv1xc9
58,SolarbreezeChat,169,t73p2bdkzq43zax
59,Home IngChat,130,sd68p4t4f16num
60,LotstringChat,253,fp8hnytbmn6s
61,GreenlamChat,162,stkxqhhqj59
62,LotstringChat,300,u8c2o8bffot
63,BytecardChat,154,9brkdfkp
64,Tres-ZapChat,169,y890vqufs
65,ZamitChat,166,x9kbxq1a1
66,CookleyChat,110,3b0e2j0a4skql04
67,JobChat,57,tjdl9o8k5p
68,KonkluxChat,51,ingoysynu3fqy
69,CookleyChat,262,gsc8ko19ty
70,BytecardChat,135,cgxxjvmb9cbh5pe
71,AsokaChat,180,78zxv9m64yawa
72,KanlamChat,57,6stt2qx9r12to
73,Home IngChat,161,tdouwc9tluk
74,TampflexChat,39,p1kgdyilqfxk6j7
75,ZontraxChat,263,73v7m7du4dbu1
76,StimChat,141,b5fvv7e9fs
77,StimChat,11,rkof8izkqsa87
78,BytecardChat,170,ju4hmufyotvnta8
79,RankChat,126,wnbk6wt0gltag
80,StringtoughChat,245,ejz4iahczl
81,HoldlamisChat,136,sxcyvvxdhsji5w
82,RedholdChat,126,sdz9t4bshw9j
83,SpanChat,300,ghn8ardylmdlb
84,Home IngChat,270,ciuj5wuubgi
85,StringtoughChat,187,vajge956js81pn
86,BiodexChat,33,vhsdj2ytwtk
87,HoldlamisChat,196,hx4lrpaxazr
88,BytecardChat,272,5rncoyb83uuxy
89,CardguardChat,107,mwlkdbpv9b0
90,CookleyChat,122,al2n06qi1ozmhcp
91,TreeflexChat,72,7xnh8xn5
92,JobChat,44,g1mj3k671ix1
93,CookleyChat,223,ve0l4ddm
94,BytecardChat,124,3fcxktmlbov4c
95,LatluxChat,10,42k5zq4y
96,VoyatouchChat,225,unfwj4mmmvnqt11
97,Y-findChat,58,rs0b6nwfwi
98,WrapsafeChat,274,1uio7xvo0mrp5ym
99,VoltsillamChat,292,kbp1tgfzu
100,AndalaxChat,84,ueycklsf
101,SonsingChat,186,jb6gaf1gq1
102,OverholdChat,48,1ovkoydrb0fcxr
103,AlphaChat,287,joksmu58e9uwdxx
104,TempChat,173,zlj5d3txt5
105,NamfixChat,176,k8l4nyrwud
106,Home IngChat,124,6qe1zfxz9auh
107,Zaam-DoxChat,153,mwgfgacd55t1p9
108,KanlamChat,182,oa3yiire2ou46
109,Y-findChat,50,9vhknozpxt
110,VivaChat,15,rlnepvz38
111,ZathinChat,39,ggmjnj13e8at
112,VoyatouchChat,110,vqw6sz1w
113,LotluxChat,268,wxiwbmirisc
114,AerifiedChat,77,wuf4tbdf
115,KeylexChat,127,thrtju3811
116,OtcomChat,14,4em397qcyal
117,DuobamChat,178,1sqmp4e9r0
118,HatityChat,213,yphv2vs1
119,VoyatouchChat,234,hawlm3njg6w
120,TempsoftChat,260,lkpj02a0jlgccig
121,ItChat,290,ma21ylvf7
122,OverholdChat,256,zfkpob8w
123,HoldlamisChat,15,szqe57ihg
124,WrapsafeChat,90,mafaycavf1czjwf
125,StrongholdChat,201,9dikkehe
126,Fix SanChat,160,pzwyvzf6pjb3
127,RegrantChat,281,wl9gx6yhk2
128,AerifiedChat,99,dameyaryywh7uom
129,NamfixChat,32,02j1ye0ree7
130,CardifyChat,18,re59i863cw0h
131,Fix SanChat,112,mjaw7resypc3
132,OpelaChat,265,8pnf65exvyn2r0
133,JobChat,131,6io9b3cx8t
134,ZathinChat,233,4q7d6tikna
135,RonstringChat,260,g18emapya2e
136,LotluxChat,176,b0fgyj1q
137,FlexidyChat,148,95afu5vqpjgz
138,OtcomChat,96,zme3ir333vqkfv
139,BamityChat,79,11gqnof9ewq
140,TresomChat,154,4s472u8vlxo
141,VentosanzapChat,89,6yh2g01r44e
142,DuobamChat,28,2m2znw4f
143,FintoneChat,267,mwe8dds53qgv1b
144,WrapsafeChat,170,ed256lo6dzi
145,VivaChat,268,2100j32gz
146,Mat Lam TamChat,292,737z9hpzgaunp8
147,TempChat,274,5zsp3su6qgamgmo
148,OpelaChat,7,7bw04tcisfy8eo0
149,Home IngChat,84,vgn14ssyt2
150,Mat Lam TamChat,67,okor5iju
151,TresomChat,240,cju3rvqml
152,HoldlamisChat,103,am0on28d
153,SolarbreezeChat,82,tv14jfn8li72idc
154,RedholdChat,276,qa14sd4g
155,GembucketChat,133,c7246bd261f1
156,BamityChat,292,xk2gyhu1ft
157,AerifiedChat,244,km6iju8kw8
158,PannierChat,263,us3iiapm
159,VagramChat,234,97upaimmzu
160,VoltsillamChat,256,ykjvhb68ec
161,RedholdChat,249,9izqh84ew57no
162,ProdderChat,115,1jj6gjmd90zk
163,DaltfreshChat,298,o64fy31s2prq23m
164,KeylexChat,174,qrjv9z1aamfa
165,LotstringChat,261,68ym4wwcyjjnkg
166,DaltfreshChat,249,u68wvcom4jgggwf
167,TranscofChat,89,o9b8x6t5bb
168,GembucketChat,300,53ojlso1rks0f
169,HatityChat,252,3d1cy4xcit2pgu5
170,VagramChat,156,tixw86tlqbw
171,SpanChat,115,rkapg7xm704lcp
172,SpanChat,43,m651gjup5
173,TresomChat,3,kusld1n9
174,HatityChat,80,ibp6fpr0
175,TrippledexChat,205,rn5abg71rvvft
176,CardguardChat,225,25hbi9ppotkbl
177,FintoneChat,157,l8je0h4dxiisa0j
178,BytecardChat,235,wpno4xcvu
179,KanlamChat,174,t7h57xls
180,AsokaChat,269,5541ew8t
181,Zaam-DoxChat,10,usv7hjyjmse
182,KeylexChat,177,bac6ghirwqmuekg
183,TresomChat,256,kei6dq8oz
184,BigtaxChat,126,lhu7z4krjgf4
185,VagramChat,215,9iqup34jgvl
186,AsokaChat,146,zts52q5m7oipo2
187,BitchipChat,137,z2xrcjwolfbv
188,RankChat,126,atz5fsfk6plwq
189,DomainerChat,90,jfxc87nyi
190,OtcomChat,206,l8la4w49e9tyci
191,CardifyChat,109,f83b5yfaw
192,StrongholdChat,203,z4w8ij03
193,FixflexChat,102,ljupol14fr
194,AlphazapChat,107,186rw5042x
195,Fix SanChat,211,kgwx6jmknvlr52
196,NamfixChat,83,0uakacm90aec
197,FixflexChat,246,2vfglvr41yk
198,BigtaxChat,241,8ebcbkpg12ub
199,StringtoughChat,14,cucn60ioc
200,KanlamChat,173,dk37aahtl
201,BitwolfChat,113,0pspljnnzm557z
202,ItChat,100,ism94mw5co20
203,LotluxChat,209,4rzvr5jm00hi3k2
204,ZamitChat,206,vmvbd1y21vs1
205,HatityChat,104,h6ok9a53mxiin
206,BigtaxChat,37,uy6aejv8j
207,VeribetChat,211,w0e95alp4
208,HoldlamisChat,241,o4cgwo5uon5v6c
209,FintoneChat,59,rl07ts6oeibeb
210,Y-SolowarmChat,206,dlrsd5fwwmml8
211,SonsingChat,100,2mf3nhwt
212,FlexidyChat,162,tty3d6vr1a
213,StimChat,115,zx8vplwt0
214,TampflexChat,118,2zwu7awyecw
215,AlphazapChat,126,a137skkaj411f
216,Quo LuxChat,256,r9ivg5wvu
217,KonklabChat,208,2wvtb3sn3n9jtqj
218,VeribetChat,92,35qk5ei6szsl2
219,FlexidyChat,170,aip4kg8l0
220,KanlamChat,240,3bx0vcls7a11ke
221,VivaChat,156,bgjkb0a8rvrx
222,SolarbreezeChat,142,j0avk2nvn2
223,GreenlamChat,142,p1g2r38p7
224,BiodexChat,94,n0lxceovg45wj6g
225,SpanChat,70,r0vcf0jpfsr7
226,Quo LuxChat,215,9gzjd7kor8idv
227,KeylexChat,293,0ncy9w96xei23
228,BytecardChat,62,iiswr0rc8qcbrbm
229,KonkluxChat,102,cfcwp5nlne9w
230,SubinChat,241,68p4qzsie1rmcc
231,GembucketChat,80,mf42yestpsr
232,ToughjoyfaxChat,46,pnc77z4ix
233,PannierChat,202,44j46qxqmb72
234,KonklabChat,37,oo4unkb7j1rpn
235,ZontraxChat,161,r38xp6q9wexys
236,StringtoughChat,113,zloruz5e7ybmnvk
237,SpanChat,213,w4orqdr6rrzg
238,TranscofChat,74,xh8i253bdzg
239,NamfixChat,54,votbos0dju8o3
240,LotluxChat,167,g42b55fi53esz
241,TranscofChat,204,f0utekpc7a4nm
242,VoyatouchChat,273,83gk2hum83nwovt
243,CardguardChat,136,ktjpj5dd3677j
244,VoyatouchChat,174,ymyfcz3hn
245,SpanChat,199,vw0xk5qilt
246,KeylexChat,43,qfkqjiske4ilm
247,StringtoughChat,17,lyrpnkea83f5mmo
248,SpanChat,159,1jatuz95b3cfw4
249,OtcomChat,168,3vk5cazvfaydk
250,PannierChat,242,9rx176c23cn6
251,Quo LuxChat,145,iuo1kxivgn6bu
252,ToughjoyfaxChat,282,tsboxr1288plf
253,VentosanzapChat,29,26csp6cg8
254,ProdderChat,114,8rstbpgzc0f
255,VoyatouchChat,82,7m0zy122weo6
256,ZathinChat,82,2i2bfn4twceg7n
257,SubinChat,60,pus5n9tj
258,BiodexChat,19,jcevom7im
259,StringtoughChat,91,gvn740in3nz53i
260,VagramChat,175,8jlvcd00ygng
261,LatluxChat,226,i2b8w77khuc38
262,TinChat,182,ztp3lco1w4v
263,AndalaxChat,264,z5hwgqrke6gepb5
264,NamfixChat,239,kxei1p7phw8stig
265,RankChat,279,l2lhn3r1at5u
266,BitchipChat,279,do0dtg0fm4
267,SubinChat,205,1osrrc20
268,Quo LuxChat,125,caadfklszwgqo35
269,AlphaChat,59,qu9ky0s4w2nw
270,MatsoftChat,148,xskvzlj1
271,TrippledexChat,268,ly7598nqu45
272,ItChat,88,pfh042n1
273,ItChat,276,0dhssutl8116jhp
274,OtcomChat,200,tssubhme
275,VagramChat,22,mh3v7g6lydkuoer
276,BamityChat,233,h21buj9e64hi
277,RankChat,142,toi84xhjsx
278,RankChat,250,zgtgz0i2p
279,TrippledexChat,237,yuka8a2pb
280,SpanChat,229,qcgn5dyl9vumi
281,RegrantChat,170,z0khoo43zy8
282,HoldlamisChat,40,pwaq11qld6u
283,SpanChat,270,m2eu583ji15q
284,BitwolfChat,186,izujrzdfv
285,Y-SolowarmChat,211,pn1m7g04nh
286,CookleyChat,5,zkd7xjopsa8
287,BytecardChat,193,iejws5go2f2z
288,JobChat,240,z0nzy5un3ull1z
289,OtcomChat,236,7mahj3jbyk
290,ProdderChat,199,pmqsgstnpa
291,Sub-ExChat,252,qwdtt8x3xye12
292,LotluxChat,12,budwjpz9yt
293,TreeflexChat,50,wge1izvao5
294,AndalaxChat,176,v749ugq6u
295,CardifyChat,227,ceeh5a9rfv
296,LotstringChat,202,7tqw7cuzs
297,BytecardChat,281,ehomjv1x
298,BiodexChat,36,d8cptejmi
299,TreeflexChat,172,hg308z69
300,JobChat,7,7u9juz7a
301,FlowdeskChat,259,dspqrr1dt344kwr
302,OpelaChat,30,xso0js02qhukbx
303,Sub-ExChat,58,ihkzbwlmm4
304,ZathinChat,121,cqmui4p3
305,LotstringChat,127,l31w0rhqd
306,Sub-ExChat,139,xmnr91rprb
307,Tres-ZapChat,174,qx6wg2ok4p
308,OtcomChat,38,w05m74tw4vfj7
309,RedholdChat,135,x37bj9xvbuj
310,ZathinChat,144,upyhx9zk
311,VeribetChat,42,izo4rnxk9uc59
312,LatluxChat,99,3jx0bwxxd264i
313,VentosanzapChat,256,wcgalvqc58
314,GreenlamChat,190,p1nx423y1aqx5
315,TreeflexChat,195,bx71hj26g53bt
316,CookleyChat,180,cosamdurmmwetdq
317,FlexidyChat,41,g0igywwv7i2
318,ZathinChat,239,5zvrg2ihg8lzx
319,KonkluxChat,256,4v4qa2v394dxkib
320,TranscofChat,71,qae00y0bfqso2
321,AlphaChat,2,s2kc2cvxb
322,TranscofChat,267,sxoue1ru013b978
323,ItChat,74,ydxrslsrp
324,RonstringChat,14,bvh0lx39b03h9b
325,StimChat,64,kl59u30w5
326,BytecardChat,164,hh194sdzep
327,VentosanzapChat,150,0rc9sneculw6hr
328,VoyatouchChat,15,9vqdwd4a
329,HatityChat,147,qofb23by6fju1
330,RankChat,109,lgm5vksud9g8
331,SolarbreezeChat,137,fmnk26o1yf
332,VoyatouchChat,246,woi52gs82j
333,VoltsillamChat,300,znosst0xnfr
334,BiodexChat,51,mesq8c85km
335,KonklabChat,130,co76al9pepn
336,AlphaChat,8,q1f5ijc20d5kc2r
337,RegrantChat,262,b0ewm730z3wo
338,SonsingChat,120,riwq4a5d5i
339,VivaChat,148,f6pxhb9p5mf7t
340,BitchipChat,147,81xryyx4fy5g30l
341,BytecardChat,186,plovjgrgj
342,Fix SanChat,107,via3of2oe0dxp7
343,BitchipChat,244,syxqjue9obb
344,VoltsillamChat,207,7qimkkbu26
345,JobChat,292,1atr2hg2civs
346,ZathinChat,262,zrwrj4a7cbiixn
347,ZathinChat,45,jxsb9gfps1ep
348,SpanChat,99,n5jjsj235yr
349,LatluxChat,69,0a7yvrpjptm
350,VoyatouchChat,113,f5eia8iy41ho5ad
351,BitwolfChat,8,7qh8rk04
352,FlexidyChat,214,xv903rhnhbanb
353,LatluxChat,255,kygiqk5nd
354,RegrantChat,206,x84mdgnsj
355,AsokaChat,107,7u5dprypuoyx4
356,KonkluxChat,150,tr6e3aajy
357,Home IngChat,265,c3r3v4m8
358,StringtoughChat,225,jgaod2c4rkrnnmp
359,TampflexChat,164,91dlr908mk3h5st
360,MatsoftChat,173,4lirb5fa3
361,ProdderChat,186,b7bt19uw
362,VeribetChat,233,2fvprsra64l
363,StimChat,258,de1cd0hz0pt6eq0
364,Sub-ExChat,211,ymxwca292jet
365,Fix SanChat,196,fv0e295i
366,TreeflexChat,101,60exwx41e
367,VivaChat,167,cftwand4koev3xv
368,DomainerChat,241,rig7uchh34sa
369,LotluxChat,113,gt60o80fumkkj
370,KeylexChat,191,uvjettvas40xl89
371,ZamitChat,97,z8m0k8rw
372,RankChat,22,bjew77h1
373,MatsoftChat,133,mmmr07yhb
374,DaltfreshChat,294,0vtbn47qpe
375,VagramChat,236,cltaoykywl9tzon
376,Y-SolowarmChat,280,en9dr8wl8
377,BigtaxChat,260,n795tremx8y5
378,Y-SolowarmChat,155,gymm1hkks0xf342
379,CookleyChat,65,ozrey531s
380,OpelaChat,234,ueyphjhfdx86m5e
381,PannierChat,171,0a4qn1aih7agc
382,ZamitChat,283,mnfmqz6u2wb
383,VagramChat,167,xgcuvok1y
384,GembucketChat,81,4norafl8
385,RegrantChat,102,ejqpnoj6zob2m
386,RonstringChat,81,5fcbz5nx
387,ZathinChat,35,46g9ao76uti4j
388,KeylexChat,210,9rtqcv8phzds3tk
389,SpanChat,113,751r70ncbu
390,VentosanzapChat,266,y76y68h1ukv0sr
391,StringtoughChat,137,8mswqlsohfxov1j
392,BitwolfChat,273,eansw2fi
393,TinChat,164,8484qu4c
394,Sub-ExChat,298,ntzm2qc9kkggjr
395,StrongholdChat,291,3l19t2zn1
396,JobChat,178,qydzn7jlx
397,Y-findChat,102,znuwprlrj1o90nq
398,VagramChat,206,f2x27ro5p
399,BiodexChat,194,nueagvjos3ad
400,TresomChat,237,at0z6qmcgm
401,Quo LuxChat,36,es1rizuya4dkj
402,Fix SanChat,243,e48m4uslka
403,ZontraxChat,290,a8gz1rhf8nq3hc2
404,ZoolabChat,5,9nrn3gs4prnm
405,HatityChat,55,vdnqeq0b
406,SonsingChat,271,87kj2eps
407,LotstringChat,157,cc7adbxjqvl
408,Y-SolowarmChat,154,rfy7vvw24
409,StrongholdChat,93,yc1lkdok8f1q
410,KonklabChat,193,z024bkqp
411,ToughjoyfaxChat,158,xfuwb8b6msvx
412,Home IngChat,169,1irgrg8k
413,NamfixChat,183,x6ixb3kjx1lngti
414,TrippledexChat,162,9lk4iqyu18l0
415,CookleyChat,244,zyv3u3s542i0idv
416,ZontraxChat,87,cnzhw2uuu
417,KonkluxChat,67,hb3b7p1ifo27
418,Y-SolowarmChat,128,qa3bm89s6adfhv2
419,CardifyChat,55,2jc5610tobcez
420,LotluxChat,299,5ydlzpt06k4
421,ToughjoyfaxChat,271,1id17buv
422,SonairChat,60,9hkha279g8pr
423,AerifiedChat,256,qvu6sob1th9
424,OpelaChat,176,nnbj3clz
425,FlowdeskChat,231,ax88xofvjjt5am
426,FintoneChat,52,a2neh6nrofs8mgk
427,DaltfreshChat,190,tusqo9otsnfm
428,HoldlamisChat,117,s1pgp0701dam
429,SubinChat,175,zwmpw2465
430,NamfixChat,248,o9bkzl55iruiq
431,CookleyChat,68,s3b3kzmbru94s0c
432,ItChat,11,0l5394fd
433,KeylexChat,187,x1x86nwgx
434,VagramChat,125,1z9hzab6h
435,TresomChat,185,yll4sn9ies1qj
436,SonairChat,74,nskhdl1vc3mq
437,Home IngChat,12,ak16r03nvyb
438,TampflexChat,294,ureqat5n6q
439,KonkluxChat,99,k4e1p73oh70
440,TempsoftChat,204,ny2xggv2
441,ZathinChat,12,95hly5cff5qzd5
442,StrongholdChat,211,q7v82zbfwant2w
443,TrippledexChat,285,hr4v3zke
444,Sub-ExChat,107,7zznmc1ugj6jvn9
445,RegrantChat,294,6iyv0t3ypxu1qp0
446,ZamitChat,240,gs4zykjxma48
447,TinChat,34,4u1daqkqkckr9
448,DuobamChat,40,p6rvtazpf88w
449,BiodexChat,182,hm56a4cpf9mg
450,ToughjoyfaxChat,132,s9qcznm38r9
451,FlexidyChat,276,7gg6vn0ax0eufoa
452,StringtoughChat,265,khh3efmbxhckdq9
453,BiodexChat,116,gwhtfjhpmxsevvj
454,VivaChat,94,9vnbeiqg7
455,DomainerChat,287,l3y2e9pr6ev
456,BiodexChat,269,6w119iijfjdhq5
457,HatityChat,125,qz5k0fu9sd6j59
458,JobChat,101,cpm0x4nuxemjy6
459,KonkluxChat,294,lqmiq99htqa
460,NamfixChat,283,d5pse9a7pe
461,Mat Lam TamChat,134,39zgomdrp
462,AsokaChat,37,ycp22khn
463,VoyatouchChat,82,khra0moa8
464,DaltfreshChat,169,afrr72il
465,Home IngChat,47,x0pqpjr22f9
466,Mat Lam TamChat,264,lcn3tz9skpb29
467,AsokaChat,194,3o5sg5q1kq7vjx
468,HoldlamisChat,8,rdjybeopkfl9
469,CookleyChat,163,r3gtwm2i
470,KonkluxChat,154,qsqcsj6qs6az04
471,RedholdChat,180,egu0z89gm
472,VagramChat,27,9ulj5gqhv
473,GreenlamChat,269,7fmggp2ejnci
474,CardifyChat,190,kc08ditolx8x4ct
475,StringtoughChat,236,b205b74v0f
476,CardguardChat,111,rzvf6cv1txm5
477,Y-findChat,87,96e4w5sigav
478,BamityChat,246,52i5xzo11j4
479,VeribetChat,177,67qscjn7qek020
480,Zaam-DoxChat,223,s661s1kr1
481,TempsoftChat,278,lpqlwn60z31
482,TempsoftChat,17,z4nwthd3vxdxlyn
483,OtcomChat,160,ljrjqy3y91e8
484,VagramChat,96,8y33nvxcp241bbm
485,VagramChat,76,wohzywzeuvepz2
486,ZathinChat,149,huoh9g47jkaq
487,FintoneChat,221,btsubn6nt0gl1
488,Quo LuxChat,30,tsovdtcp7
489,OpelaChat,183,6n44inibfof
490,AerifiedChat,294,z3odlmkm9elxd83
491,KanlamChat,168,0n7anvlhjjly1vn
492,MatsoftChat,72,pktekzbackv
493,ZathinChat,49,1zeu4zo4h9bc
494,GreenlamChat,149,pj2yaa71kz
495,VeribetChat,69,5qnxbbl8g0fi54
496,Zaam-DoxChat,21,vas4sdu572fj
497,VeribetChat,104,dumz8yj4hiqt2bx
498,TreeflexChat,220,s3trzm7p9u
499,HoldlamisChat,34,88cl31rmh
500,AerifiedChat,119,5vie1hzj
501,KanlamChat,112,vb8uhndjew2eg4n
502,GreenlamChat,285,u1bjiecdb
503,TempsoftChat,173,7ee54msr
504,ItChat,203,illiniwmolclk
505,Sub-ExChat,141,g530madvo4sf
506,Tres-ZapChat,211,llu46kc1rnn71
507,TempsoftChat,252,9fiyl98lyyj
508,KanlamChat,152,bucnn37xm
509,LotluxChat,60,saivmyiufvwq5b
510,OpelaChat,283,zp2t7byixl9
511,HatityChat,231,r5r0of8ipe2c
512,StimChat,202,1177sa86xpqyv
513,PannierChat,247,vpgn6t3j7ep
514,FlowdeskChat,32,45dg833lvsi2bmv
515,Y-SolowarmChat,239,52421jn94vq
516,VoltsillamChat,39,sevsfx8d1zbi8sz
517,ProdderChat,213,eqm99sd3c5y0yg6
518,RegrantChat,198,zrl0qh3ues9n12
519,AerifiedChat,98,1ttd16bxz15qmam
520,ZamitChat,187,zxpwoaa8qk
521,DuobamChat,267,grmnczj0cz6kz
522,TrippledexChat,209,dn0mebwmjpsm9
523,StrongholdChat,75,utc01sxo3
524,GembucketChat,19,wnnoxdcpd
525,SonairChat,230,7gwq8n1aa3r
526,BytecardChat,132,gy8f4qv6cwcs
527,KonklabChat,181,goyas42gcmm38b
528,FlowdeskChat,170,hf2h6rr5i
529,PannierChat,17,6ihjl1folo0jvk
530,OpelaChat,290,skxramudhhew3j
531,VeribetChat,124,tu1onidt
532,TampflexChat,218,2sjul7sqpw2fq
533,RegrantChat,183,56ak48vrc9r7sp
534,HoldlamisChat,243,wysejja3ma46b90
535,FixflexChat,272,r0007g9ag040i
536,FlexidyChat,78,d994fhm6xe3cyjg
537,BigtaxChat,88,le4rm82snixb9id
538,ZontraxChat,270,p7alp2krxycq
539,GembucketChat,71,9uins9k0t
540,Mat Lam TamChat,20,1mu8rgwx21tfw92
541,StrongholdChat,9,gzh0gtxzakdbpmr
542,CardifyChat,232,eyy10wwa1sltjz
543,HatityChat,155,vo44vaw4pjo4mtn
544,VivaChat,167,j3dn151gshqlf5h
545,KonklabChat,62,bgmabbnaztw56ua
546,RonstringChat,107,xv2tnx48
547,LotluxChat,298,a822u80x
548,AerifiedChat,62,j1kkm1seec0j8
549,StimChat,245,8afm3lka9y2683
550,TampflexChat,199,spxkoqe2m0ytb
551,GembucketChat,277,6wsl0wy1d
552,RedholdChat,167,c91d4s1eo83cd1
553,TrippledexChat,40,bgrwr7vz
554,VoyatouchChat,61,wajlv2j2wsm2
555,BytecardChat,66,6hjswfh4kt8ujvy
556,OpelaChat,191,ztan9vd8bwvx
557,Tres-ZapChat,289,zecul0djbd0yz
558,Y-SolowarmChat,85,suyuxqztq9c4d9e
559,ZoolabChat,156,lvmxvlzhzjp
560,Tres-ZapChat,274,chfhn4vo
561,BitwolfChat,49,vcrjczs0za
562,KonkluxChat,93,o1ban4h8i1f9i
563,Tres-ZapChat,211,g7s4theep9ua
564,Zaam-DoxChat,216,csn1vxtibpe8it
565,Zaam-DoxChat,8,hh6uj4lq5
566,AlphaChat,201,cd38i09oj
567,OtcomChat,267,fyubi3dsk1ebb
568,AerifiedChat,244,lcwtn51v9lfah
569,AlphaChat,162,hz12lyqh89k4rah
570,FixflexChat,25,plklpl5jeas
571,SpanChat,297,ux5g2u0d
572,Y-findChat,160,mdmna9dl
573,SubinChat,183,jzt8aivrnrn9giy
574,RankChat,263,fvj0vfns41dc6os
575,Mat Lam TamChat,74,jom71yvees
576,SubinChat,261,86ostk3hacde
577,KonkluxChat,68,2higbx4xbt4
578,SonsingChat,181,0fk8ecs74ehnmqi
579,TempChat,233,qutjzy4lwve1twc
580,SubinChat,216,3ccjq46m7srxt
581,AerifiedChat,274,n1kcakr7a
582,BigtaxChat,201,0otbzle0hyox
583,Sub-ExChat,167,l9qdpqa63rrw
584,LotstringChat,185,0o7yp505j67
585,DuobamChat,6,v98uu4lb2e37
586,AndalaxChat,236,jetj91o4qro
587,AlphazapChat,235,2djgh0t207
588,OverholdChat,181,f16ef90z
589,ToughjoyfaxChat,199,p4f7oig1
590,OpelaChat,237,6e0wwds8t2kez
591,ItChat,261,rqltgv764
592,MatsoftChat,35,ecyy2afe
593,OpelaChat,299,zl2ukm4wfu
594,KeylexChat,296,xethcui7oy
595,SubinChat,67,172zou61r
596,AlphaChat,33,g3n9f51dcyz
597,CookleyChat,15,tj9tw6ojn013e
598,Quo LuxChat,117,652l2ibxfyv1qb
599,KanlamChat,201,kkywpq3v
600,WrapsafeChat,58,jk0r7dqul
601,FlexidyChat,103,1kwscdz3t74od
602,DuobamChat,47,nqws3e591
603,Y-findChat,97,u8oapabnj
604,GembucketChat,152,2xeepurivokqd6
605,KeylexChat,31,qg5060pee905
606,ZathinChat,183,txveh6wxe
607,BitchipChat,24,y66sflu3ntu0
608,OverholdChat,139,hscj6g1easo
609,BitwolfChat,275,g36jg1zj6
610,AndalaxChat,193,iqswv4ma4
611,MatsoftChat,89,b3zs9unekbbm7p1
612,VeribetChat,197,ihds6jrcr
613,ZoolabChat,244,61ua3b31m4
614,BitchipChat,295,osesgpgmvd786
615,PannierChat,28,0j1juvjc1va
616,VentosanzapChat,251,fh3c4uodozhxv
617,TreeflexChat,132,6jlcao2sh
618,SolarbreezeChat,51,xnq5xb08xcdk
619,MatsoftChat,18,qm11xnm576kf
620,TranscofChat,262,moyzk6trxwllnrk
621,Tres-ZapChat,289,5g8dpq095
622,ZontraxChat,126,53459c2d0
623,KeylexChat,39,ar5vb12y59y
624,BitwolfChat,168,zhd6e954on
625,BitwolfChat,126,tatuf3xm
626,VagramChat,2,80sia3ccu
627,BitchipChat,28,d8k08z973fqk
628,VagramChat,148,plkcqbrbc4o
629,TempsoftChat,64,yatmtcrg8
630,BigtaxChat,146,xp9doxgptdeq4
631,OtcomChat,108,liz19l9cn
632,AsokaChat,2,qr7d8e1xrbkah8f
633,FixflexChat,260,o22fqwu8saf
634,BiodexChat,174,myodz06c
635,NamfixChat,296,8c6ceeq60egql
636,TempChat,73,yh8yhwxj
637,Fix SanChat,89,ni1vji4e6abiie1
638,ZontraxChat,272,mgi6hsi5wryv
639,GreenlamChat,249,cqyq8z5q
640,ToughjoyfaxChat,189,45ugqy3h
641,OpelaChat,177,x7n16xqk5wrlzd
642,JobChat,56,zbp70ukko
643,ZathinChat,84,23mvx4ij1luk
644,RegrantChat,126,c6ds9hnnyenz
645,TrippledexChat,220,sz0j3bc7d
646,PannierChat,161,6k4bq5ce2tqhkk
647,LotstringChat,106,glk5mdjix8rzc
648,AndalaxChat,226,feb21afxk
649,AerifiedChat,252,554o8gftac
650,DuobamChat,223,zp8b0mj1nx
651,SonsingChat,174,5no9xmevgi
652,FlowdeskChat,7,hu1yr5c2tg
653,TresomChat,137,i68cl97de
654,SonairChat,185,0swucfl2tzomgt
655,VentosanzapChat,288,9tk8ftnq
656,AlphazapChat,10,sh51s727pw1k6e
657,StrongholdChat,241,8cqv4sbyqm5
658,RedholdChat,211,u4mh8myt11c5
659,SonairChat,22,za1x0tbwd8o32b
660,AsokaChat,156,f5um4bdwp
661,Y-findChat,46,kidcpfx1rw
662,FintoneChat,281,bp720buw
663,OpelaChat,179,cqe2v8h2dekc5
664,JobChat,299,le6utl0z
665,VoltsillamChat,201,5slz33ue00
666,AlphaChat,14,m7ab6rybj
667,DaltfreshChat,270,of6q79yi
668,PannierChat,64,lgas7v2zuyazull
669,Mat Lam TamChat,92,g5l8orr05w8m
670,TranscofChat,285,j267xrt2vp7y
671,RegrantChat,111,k6wn36t6rno
672,KeylexChat,177,jqxi9hv1k5vna85
673,Quo LuxChat,170,q01pccpr1xfl
674,TresomChat,267,28acsolhuzlk8v3
675,BitchipChat,226,nc3htebku9j3tx
676,Sub-ExChat,4,fzvwryv4l
677,TrippledexChat,152,4b7ci783qwh0f4
678,Quo LuxChat,254,swpg4kdtso
679,FlowdeskChat,269,mzoq5lt7j
680,AsokaChat,83,y3g4dunw4lmapi
681,FlexidyChat,244,mxu3i063
682,VentosanzapChat,104,hdlh8l499p
683,ToughjoyfaxChat,142,nixbf2yniu6e4
684,RedholdChat,298,yv9csjmsm1e44v
685,AndalaxChat,47,rykwk9hp18
686,TinChat,226,bsngi39ym
687,AndalaxChat,43,vt5yhxgfh
688,VeribetChat,286,r1u75klh51s
689,LotluxChat,255,2rvq7qm3q8r
690,SolarbreezeChat,147,pkxj1260k94
691,FixflexChat,137,2jnc61j63h7nz
692,VagramChat,203,jkdwswskbe681ii
693,FlexidyChat,37,sb8cikhnp3apvw5
694,SonairChat,183,u9o00a9ti
695,Home IngChat,124,dd1qezvum
696,TempChat,150,sp9xmqy7v020uc
697,DuobamChat,81,vqwlnz9c
698,KonkluxChat,245,tld40s2bj1fzust
699,AerifiedChat,214,0isaikia1x22x3
700,BytecardChat,11,slywupvci768wt
701,CardifyChat,30,ew4l94thvbu
702,LatluxChat,249,sgbu95jthfyg
703,OpelaChat,236,pwws0eitagli
704,RankChat,42,x218b0tn
705,TampflexChat,61,vjlhsx0t9fukuj
706,LotluxChat,185,34apb2f3
707,ItChat,108,6za3olg8s4r
708,DuobamChat,148,03yhs4rin50o3q
709,TrippledexChat,293,o8yeu0fofv1ssn
710,AlphazapChat,212,qembhty9l8mfdgq
711,NamfixChat,206,e6837xkwbkspgsq
712,KeylexChat,153,adcw8ri4xg0muc
713,GembucketChat,199,y5ea1v84
714,VeribetChat,69,ufz68h0tb1kqz
715,VagramChat,9,3ozw2x1iehpkp
716,MatsoftChat,142,tekaps00
717,KanlamChat,39,8qkf9m2ooswk
718,TreeflexChat,300,hk8dd2qm0zg
719,BitwolfChat,257,o6zbvlvtvw9bd
720,SpanChat,89,eyyywstrup
721,OpelaChat,163,monf1pab5qkuc
722,Tres-ZapChat,176,ng51i17e9aii0
723,TreeflexChat,267,zr27gf91s
724,BytecardChat,190,fn139l7yfbnir
725,VivaChat,201,ejaqkvsxck080
726,Zaam-DoxChat,67,xnvu0z91o4a1o
727,RonstringChat,199,zdq7mhk27
728,GembucketChat,67,1qpbfgtv9icoty
729,AerifiedChat,2,gun6h45qkwxw5
730,VentosanzapChat,271,4i6qskm2n
731,AerifiedChat,82,33fh80ft0nrycp
732,TresomChat,210,8j41p2nrsxf9
733,FixflexChat,104,gv1nemahhols0
734,FintoneChat,50,htb4m0z3v
735,BytecardChat,17,tuummd7o
736,BamityChat,60,5wn71ij17bj
737,AerifiedChat,63,jalf4lm4j8inx8
738,ZontraxChat,140,62qoj5uy
739,ZamitChat,236,xlhyjvmoblmt
740,VeribetChat,163,3zs19u9k
741,RankChat,261,c6z6h8imm8cpp
742,ZamitChat,96,xvbgpesvhm
743,RonstringChat,105,gbc7lrkxep
744,Y-SolowarmChat,129,0u2bpy0gpvwh
745,Home IngChat,11,inwvwspf7e5
746,TempChat,108,51ljqm8kz
747,Mat Lam TamChat,266,5ule87432
748,TempChat,100,x5lwce5y
749,DomainerChat,88,0450ul04n
750,Y-findChat,227,541buevf
751,TempsoftChat,33,ywx99sdlej
752,KanlamChat,88,fy8dgmj9
753,KonklabChat,136,05y8r9k6y6qk3
754,ToughjoyfaxChat,114,w4vvcjxlz8dp20
755,PannierChat,221,h9zuczbb41s347a
756,BytecardChat,167,0qyuxoykd5v4d
757,BigtaxChat,97,6oy77j42eqrd2ka
758,AndalaxChat,298,19i3s08rkp1xvq
759,TrippledexChat,89,mzutmw160e8yq
760,PannierChat,250,darpen2kxudc
761,ZoolabChat,18,b99mm6yftqwu2u
762,FintoneChat,149,r3y0idqvopudq0
763,FlowdeskChat,87,1q86ijhf
764,Mat Lam TamChat,49,592hslxnsi
765,CardguardChat,32,picnrmz62k2t
766,VentosanzapChat,81,44ncazyk
767,TempChat,233,kwvhoicy
768,WrapsafeChat,60,7sukytledhl
769,PannierChat,82,u5o60pfs
770,DomainerChat,220,f7s5f7sw8mv64c
771,LatluxChat,283,i6pqtedqh
772,Y-SolowarmChat,198,7qhcl3nh60g3
773,WrapsafeChat,183,olkuovu8w
774,SubinChat,10,ihn9onnqvsdkerg
775,RankChat,173,yjxn5z71rcrq
776,HatityChat,73,3ntypc9s
777,Y-findChat,147,dokhb3ukj
778,VoltsillamChat,48,6f2m9m7xm7rn
779,DaltfreshChat,110,ncz8240koz35z6
780,OtcomChat,276,p5yomga1d9dcz
781,HoldlamisChat,19,rhuw9anq0ctk
782,TempsoftChat,202,p6onispoypjyu
783,Tres-ZapChat,217,b2jmspqv3cubl
784,VoyatouchChat,253,14d27in3
785,CardguardChat,216,3g7sqsiak3
786,Mat Lam TamChat,246,n8mh4v0le
787,VeribetChat,110,a1uxye7wmhgler
788,HoldlamisChat,92,npzo6bszvra62
789,VoltsillamChat,161,ojtr0l0sm1qr
790,VoltsillamChat,280,ah8ub0zavo
791,LotstringChat,114,ggk7o2e81
792,Tres-ZapChat,30,kasxylrxdr81em
793,KonkluxChat,225,zge5vsfc
794,PannierChat,131,mx8lvxsve1tpd
795,DomainerChat,27,e0oczq9rrch73
796,BitchipChat,56,cf5gmcqhtk
797,StimChat,171,gi7sr9gb7i
798,AerifiedChat,295,22sgj1mich7u
799,TreeflexChat,283,to6yg3gnw
800,SpanChat,157,28415p2el6
801,GembucketChat,99,8tp3y7m1h4ser
802,ProdderChat,62,91il9pddmwa
803,TreeflexChat,156,rif46q058ovt2
804,RonstringChat,173,0x3t6ouw
805,Fix SanChat,112,qbulnvdg
806,TresomChat,125,kjwrntjnci8c0s
807,AndalaxChat,71,h5gfgu8h
808,ZoolabChat,257,6h51ipwwqu2
809,OverholdChat,134,85p48ks7m98axo
810,StrongholdChat,93,z0as2xlm74
811,Quo LuxChat,117,odlv26304
812,Sub-ExChat,95,4vgo2sjc4ivtp
813,RedholdChat,154,6z6ns2fpix1
814,TempsoftChat,58,seg70u38j5b99t
815,Y-findChat,199,80i55pj9eu6j
816,CardifyChat,262,7lbea2rcx
817,Sub-ExChat,214,w7vwe2kev9i
818,DaltfreshChat,159,hrzy338504xv5
819,DaltfreshChat,125,dfsthigvdj6mt
820,KonkluxChat,262,t44bmclhe
821,Y-findChat,244,wd0vg9je5xijf
822,VoyatouchChat,45,zbt0jrh5ry4f5
823,ZamitChat,6,457a08boqkaee
824,TampflexChat,28,osgxinkx7o5y2gp
825,RegrantChat,109,nync6s5bxe4g
826,StimChat,16,etyvwqdtaru41t
827,GreenlamChat,2,ukz8zp79
828,GembucketChat,228,6r6zna914gx
829,AlphazapChat,58,kbbxhgab
830,BytecardChat,121,z497vsttk294
831,KonklabChat,149,9in6eoussl5u
832,WrapsafeChat,181,koxyva48b7vevr1
833,VivaChat,296,ysmy4zgya5e0
834,Y-SolowarmChat,128,ddetwzqhy82q4
835,RonstringChat,76,hwif2bqa7
836,GembucketChat,178,n13hgfw3mp
837,ZathinChat,154,rnh0696sve
838,RankChat,294,2j8hl2pro78e
839,PannierChat,135,t2f4rk7ta
840,DomainerChat,141,iczy4fmmh9qp
841,AsokaChat,124,aal6dad81
842,ToughjoyfaxChat,232,lnhuy42zz3da
843,CookleyChat,292,nzxju97yx8y
844,PannierChat,75,7kr99eqv
845,StringtoughChat,194,znrq4bco8
846,Quo LuxChat,234,vj7hshnux0qzg
847,StrongholdChat,145,e63bcb4xr
848,VentosanzapChat,223,a4ogwdwjjj42ha
849,LotluxChat,23,u7jsmzqzjpmf
850,LotstringChat,96,9z8ewxectx928n
851,VentosanzapChat,297,533huwu51zc
852,HatityChat,157,knzsoyfk3h8h
853,Zaam-DoxChat,134,exndh0q901x
854,Y-SolowarmChat,54,zvrtq4ed
855,RedholdChat,43,s70tlkn1mlw27
856,FixflexChat,94,9sa5ix4jxg0
857,ToughjoyfaxChat,193,0y9uiiirgb1ov8
858,KanlamChat,42,g7ndtoqp4k
859,TempChat,196,66gcj0fh
860,AlphazapChat,57,u2hmx1n2l31fv
861,Fix SanChat,2,1xto4fluzt
862,StringtoughChat,64,lgiu74axv
863,FlowdeskChat,210,2e2dme5p083q
864,LatluxChat,130,gqqnmp0x
865,SonairChat,26,w9jr6vpzm3go0og
866,StringtoughChat,63,o2c2yhpcz
867,StrongholdChat,300,ya133m81qcvr0nr
868,TempChat,4,gal6kka1h
869,LotstringChat,197,11mlw7p9dch6
870,TinChat,288,z7tqlfkva
871,BigtaxChat,53,m9mzqshxve4f
872,ToughjoyfaxChat,112,zhg45mgjuzt
873,RegrantChat,249,8lkrwwhta
874,Home IngChat,250,zafnvrgw
875,AlphaChat,210,wuik65ddv9r
876,AerifiedChat,71,hdlwn9i0lhdmr
877,HatityChat,157,j2fpwq5ztwfk
878,Zaam-DoxChat,170,bg9ms2co
879,VoltsillamChat,296,xlkdavp01j
880,Y-findChat,279,jpiu90p0
881,PannierChat,33,6tm2o6ee
882,DaltfreshChat,129,0377eop5rk
883,SonsingChat,258,qei5263wc
884,RegrantChat,244,nsozbzs5z9w
885,KonklabChat,144,sfr493rlmd19
886,DomainerChat,63,a44e3yfz85zy3m
887,ZathinChat,104,9kpiykjd
888,ZontraxChat,238,uumgdsfogq3
889,RonstringChat,43,ilkwghzz41d
890,LotstringChat,142,6hwgzegogm3
891,BiodexChat,255,pitzn36q
892,VoyatouchChat,161,mth3qt1e
893,FlexidyChat,269,csjaznwjevkl
894,SubinChat,199,7z2bvc8k
895,VoltsillamChat,50,ddd5qcogul6dnb
896,TinChat,153,a2915cjm0clsgtz
897,Y-findChat,238,ft88t0lcpzju4z
898,LatluxChat,102,rxywk032serbfeh
899,Sub-ExChat,145,aky2k8w7go50u
900,DaltfreshChat,116,1h5hb1f280i5a
901,VagramChat,299,bf4baykrm1ujra3
902,AndalaxChat,160,00iy9bgldo6xq
903,Home IngChat,147,4kqvdl0d3sy37
904,StringtoughChat,50,vuakuuo7
905,KonkluxChat,162,5crg6ekmy49p1le
906,StrongholdChat,102,5dmx206pebn5
907,JobChat,93,jfswttf3j0y9o
908,FlowdeskChat,256,2siwdjt1g4d1
909,ZamitChat,173,r8s0vvnyhtb5
910,SpanChat,80,iz9p2l4qhd
911,TempsoftChat,198,yz6ehcdaxb1vn
912,TresomChat,278,lhexj0csmxu3w
913,ZamitChat,298,xe640qrziqtbbzw
914,AerifiedChat,153,dtetrwj6bzot
915,KanlamChat,254,jnybxcd2h9
916,KeylexChat,81,posjlfgu5as9c4
917,TempChat,64,6ei5nevsostidsc
918,BytecardChat,284,hrbtzv4pvmiksby
919,AlphaChat,242,6ehjb6evr25lr
920,PannierChat,131,cfhxfej02k
921,SonsingChat,284,2385h04rl
922,SpanChat,251,l4vyyxaz0u
923,KonkluxChat,289,r6v00ozl3cdh
924,Fix SanChat,91,3fvapgxohn9dr78
925,HatityChat,87,10zy2tawihok2
926,ProdderChat,291,qxsd4vgc
927,ZamitChat,245,331zal5gjxyw67c
928,Zaam-DoxChat,279,ndigwtxr0pue98m
929,AndalaxChat,264,x4jnl0x52gxhi51
930,DomainerChat,2,85xoxkdxs
931,NamfixChat,199,0fzejjzm
932,TranscofChat,69,0tg6u2vysatcb
933,CardifyChat,293,esiy29jzuiyjfap
934,ProdderChat,235,szsjxyam03c
935,DomainerChat,28,sxrsvmellp6sxef
936,SpanChat,160,b8ynyrk7lzsqs9
937,FixflexChat,90,328hjksfa3hrvem
938,CardguardChat,230,qaimime28
939,Y-findChat,248,1f45agaz78kjx
940,RonstringChat,7,w2pmh6q9
941,BitwolfChat,11,anujdwftc3jin
942,StrongholdChat,15,tjg1ryrzsytc4
943,OverholdChat,195,gk4b6yzimg6io0c
944,WrapsafeChat,170,sv8wgexxbrb
945,PannierChat,249,ur881st7
946,TempsoftChat,122,g9rnzkmh5xcp
947,TrippledexChat,95,4auw1z3an
948,CookleyChat,123,zz3jrsm6tor14
949,FintoneChat,146,zsz42k7saezx
950,DomainerChat,211,tdwio2qixmbtr2a
951,StringtoughChat,83,0t21jhr85cn
952,StrongholdChat,194,c78anv580w50no
953,AndalaxChat,18,c541jcoz
954,PannierChat,148,fva4lz5k6
955,WrapsafeChat,37,b6pnvsw1cuu
956,OtcomChat,21,hk9fvojedco
957,TresomChat,147,kd4nfp436tth
958,DomainerChat,212,ybz84unmruhpfv
959,BitwolfChat,212,ztezmy5g7
960,BitchipChat,261,5v2a8rtf
961,StrongholdChat,249,naqz8xsyee4gzw
962,CardguardChat,204,1r6a8x6yt
963,RonstringChat,248,z7ju6koipg2
964,FlexidyChat,139,ppjme0ydm
965,GembucketChat,298,9kz6wof9o
966,RegrantChat,235,ngfsovblpgf
967,BigtaxChat,287,0e1luv4wa6ocyg9
968,FlowdeskChat,210,umuoj0hzq4
969,FintoneChat,74,zrc3pldw7ts
970,OtcomChat,50,xzfmptrhc
971,OtcomChat,166,ktmn9kvrdkdvnx
972,LatluxChat,261,k6sa896oyekbkl6
973,VeribetChat,289,7karfuttz70qfn
974,RonstringChat,46,3rgylfrdknmtch
975,Quo LuxChat,237,o6od7fi68rztz2
976,VentosanzapChat,9,bfkbz4zc01gs
977,LotluxChat,298,wrk1qsbna8fa
978,NamfixChat,118,5zjkwb1d1e6
979,NamfixChat,289,a4zahxz32s
980,ProdderChat,288,y8turmurbq3
981,ZoolabChat,107,5v70eq0y8uexg1
982,TempsoftChat,180,4xf5m26zu2
983,OverholdChat,122,i54klxrxpq2
984,Fix SanChat,62,l8ql6p4shxp
985,ZontraxChat,55,gupbq5k299a6u6h
986,Y-SolowarmChat,276,glw2qa2er2rp
987,BigtaxChat,146,jntor7yu
988,FlexidyChat,235,bl028blfht
989,LatluxChat,135,rdqld4wex5nuiay
990,FixflexChat,288,xfug0gqq
991,AlphazapChat,236,i7e264hp5cpj7e
992,AlphazapChat,148,5zwhjmg9
993,AlphazapChat,200,h9qfx98dwcyj03p
994,LatluxChat,27,kerqpwecm0eow3w
995,AerifiedChat,138,jrq7vpxf7uc6
996,NamfixChat,207,qz62tz00f0t
997,CardifyChat,144,vpmrj0wyyaw
998,HoldlamisChat,160,luruj1b9
999,HatityChat,203,688g4jrstlg4
1000,VoltsillamChat,205,qqvpwz5x
